,0
0,https://www.google.com/maps/place/?q=place_id:ChIJtwxT0h_GyhQRHCmcNHZG3k4
1,https://www.google.com/maps/place/?q=place_id:ChIJK_NdRpXZuxQR24S4wUzBZSA
2,https://www.google.com/maps/place/?q=place_id:ChIJT0dZJiqPQUoRB55Ys9BpCS0
3,https://www.google.com/maps/place/?q=place_id:ChIJ9b6Zq025yhQRWB_IDIW_bSM
4,https://www.google.com/maps/place/?q=place_id:ChIJGUU3qlGlyhQR3yTBNwnecjo
5,https://www.google.com/maps/place/?q=place_id:ChIJr3sIa8C7yhQRVKKvwIaPokU
6,https://www.google.com/maps/place/?q=place_id:ChIJAeG_cgfDJRURA-kEW74hMG8
7,https://www.google.com/maps/place/?q=place_id:ChIJOeDtj2a4yhQR8FJUPkyLsmc
8,https://www.google.com/maps/place/?q=place_id:ChIJDUczdXjDJRURG6F79zZctTw
9,https://www.google.com/maps/place/?q=place_id:ChIJAbbTi3K2yhQRIFLdEqZ6NVk
10,https://www.google.com/maps/place/?q=place_id:ChIJBf9ayx_HyhQRto6axaL_154
11,https://www.google.com/maps/place/?q=place_id:ChIJuQbK1fPHyhQRmw5eogmg1Dg
12,https://www.google.com/maps/place/?q=place_id:ChIJwRxFtQPHyhQR7f3G1TmuHf8
13,https://www.google.com/maps/place/?q=place_id:ChIJEZJxjFe3yhQRjVPpJi3Dtq4
14,https://www.google.com/maps/place/?q=place_id:ChIJYTi3XaXdyhQRB8kqpZjWXIA
15,https://www.google.com/maps/place/?q=place_id:ChIJkRX-VYahHBUR-7VEZpKDfrg
16,https://www.google.com/maps/place/?q=place_id:ChIJtewxJ2aPKBURqBvYxLpeRig
17,https://www.google.com/maps/place/?q=place_id:ChIJ8U4C4t5P0xQRBiyHLqOsgZ4
18,https://www.google.com/maps/place/?q=place_id:ChIJz5q_dTPLyhQRAUrh99fN91A
19,https://www.google.com/maps/place/?q=place_id:ChIJxcVbSd5xNBURoQ7nIXoGPmA
20,https://www.google.com/maps/place/?q=place_id:ChIJlYIvEcrDJRURyB7hSGaC2Lc
21,https://www.google.com/maps/place/?q=place_id:ChIJx3Mog6ekyhQR3dYisTTEquI
22,https://www.google.com/maps/place/?q=place_id:ChIJP5zMKV22yhQRUc6FlD50NVQ
23,https://www.google.com/maps/place/?q=place_id:ChIJp0qGz5TGyhQRWgoyi09sIvw
24,https://www.google.com/maps/place/?q=place_id:ChIJoykUXNkFKxURArIXBCz-4J8
25,https://www.google.com/maps/place/?q=place_id:ChIJW8KJRlRP0xQRvtmMpGGtuIM
26,https://www.google.com/maps/place/?q=place_id:ChIJTTDNmVW7yhQRaPjSmEb8EC8
27,https://www.google.com/maps/place/?q=place_id:ChIJdXW46yHEyhQRG3wU9FVERzc
28,https://www.google.com/maps/place/?q=place_id:ChIJkwzG0STHyhQRiF2nM9AZx0I
29,https://www.google.com/maps/place/?q=place_id:ChIJB0tVD2jJyhQRSyYx3t0tbGg
30,https://www.google.com/maps/place/?q=place_id:ChIJsXclB6W7yhQRBxpKQkL_6Ss
31,https://www.google.com/maps/place/?q=place_id:ChIJSSwXEAS7yhQRFjI0MtW90SY
32,https://www.google.com/maps/place/?q=place_id:ChIJ3RXDWHS7yhQR96jKgMAXc6g
33,https://www.google.com/maps/place/?q=place_id:ChIJI9uoKfmgyhQRfDpXnPd2Bl0
34,https://www.google.com/maps/place/?q=place_id:ChIJl2pGhyi0yhQRb7PUpSDRyTU
35,https://www.google.com/maps/place/?q=place_id:ChIJpy7FiqvGyhQRBfgOD1WdzxQ
36,https://www.google.com/maps/place/?q=place_id:ChIJwUDZVzLCJRURCbUVFBnDnJI
37,https://www.google.com/maps/place/?q=place_id:ChIJ91m_NjUhLxUR7NcLUem0wac
38,https://www.google.com/maps/place/?q=place_id:ChIJq6r64Py2yhQRT9NhDowSNsI
39,https://www.google.com/maps/place/?q=place_id:ChIJozmPJxSAdUAR-TmUN6U7IPk
40,https://www.google.com/maps/place/?q=place_id:ChIJ6UoXrjrCJRURSa17AjuvVKo
41,https://www.google.com/maps/place/?q=place_id:ChIJ__9zBW63yhQRETrrwtsE01k
42,https://www.google.com/maps/place/?q=place_id:ChIJIxT_61W2yhQRjWXmybLMNs4
43,https://www.google.com/maps/place/?q=place_id:ChIJmUwR1PfFyhQR07pFHvEkpaA
44,https://www.google.com/maps/place/?q=place_id:ChIJmUwR1PfFyhQR07pFHvEkpaA
45,https://www.google.com/maps/place/?q=place_id:ChIJ9XVt9gK3yhQRBbGtoiyK6Vo
46,https://www.google.com/maps/place/?q=place_id:ChIJ25019mi2yhQRG4tOnWo_eRE
47,https://www.google.com/maps/place/?q=place_id:ChIJITLR7XvXJRURWqnpkJpVKdY
48,https://www.google.com/maps/place/?q=place_id:ChIJVazlzszDJRURL02CrvXVXgU
49,https://www.google.com/maps/place/?q=place_id:ChIJH7q4VBqlyhQRrBLdY5mmPKQ
50,https://www.google.com/maps/place/?q=place_id:ChIJ4SDvaHVftRQRzdtVwcBKJLY
51,https://www.google.com/maps/place/?q=place_id:ChIJ3Q8Z50nCJRURQ23nUgcDuQI
52,https://www.google.com/maps/place/?q=place_id:ChIJUXW1tDTCJRUR6dCp5mlWdVY
53,https://www.google.com/maps/place/?q=place_id:ChIJ4dXNxQPbyhQRN_ECN8W23Pk
54,https://www.google.com/maps/place/?q=place_id:ChIJvQ6jn-K3yhQRFiOPqJYSZaU
55,https://www.google.com/maps/place/?q=place_id:ChIJU3uOrK3DJRURB23T71T99WY
56,https://www.google.com/maps/place/?q=place_id:ChIJuSOhX2PhMRURGbYRacVYpjg
57,https://www.google.com/maps/place/?q=place_id:ChIJwbKsQwS3yhQRZ4RaykvH3C0
58,https://www.google.com/maps/place/?q=place_id:ChIJfVFnBNDDJRURCR7tIaJ7vmw
59,https://www.google.com/maps/place/?q=place_id:ChIJo7RvTyGPKBUR_O-JlBmV_dc
60,https://www.google.com/maps/place/?q=place_id:ChIJQdI5s8C3yhQR8hxBgYtUB6U
61,https://www.google.com/maps/place/?q=place_id:ChIJO28bcDyxyhQRAtmHayIfnDM
62,https://www.google.com/maps/place/?q=place_id:ChIJ0TYWq_i3yhQRsFQsDJ3znbw
63,https://www.google.com/maps/place/?q=place_id:ChIJsZYln2O7yhQRSTL6IHosEHQ
64,https://www.google.com/maps/place/?q=place_id:ChIJaY6oS166yhQRRzzgpZnwKFg
65,https://www.google.com/maps/place/?q=place_id:ChIJn6s_8PvpJRURwa8GBOp3o0c
66,https://www.google.com/maps/place/?q=place_id:ChIJcXArVVy7yhQRPhg2tw0jBLQ
67,https://www.google.com/maps/place/?q=place_id:ChIJv0J94UfFyhQRTx6YcSnqrOM
68,https://www.google.com/maps/place/?q=place_id:ChIJhxuMt0i2yhQR_HBf0KHqqVk
69,https://www.google.com/maps/place/?q=place_id:ChIJAQAAwBy2yhQR5UxnKvTt1D4
70,https://www.google.com/maps/place/?q=place_id:ChIJi5ASq3rEyhQRdeXOlx2YCCA
71,https://www.google.com/maps/place/?q=place_id:ChIJDYWe90CjyhQRBtp6q70EaAg
72,https://www.google.com/maps/place/?q=place_id:ChIJdTFpvbXHyhQRf4v5AW7xv2g
73,https://www.google.com/maps/place/?q=place_id:ChIJ5XoHpCwTKxURsZl8EPloqXU
74,https://www.google.com/maps/place/?q=place_id:ChIJ-QEDNjVftRQRyT7tuh4Pgpg
75,https://www.google.com/maps/place/?q=place_id:ChIJ4RKgPwvJyhQRpAGswwjNvro
76,https://www.google.com/maps/place/?q=place_id:ChIJa-_SWLLDJRURij-MtzSwAc4
77,https://www.google.com/maps/place/?q=place_id:ChIJwbKsQwS3yhQRZ4RaykvH3C0
78,https://www.google.com/maps/place/?q=place_id:ChIJA1HM7WuwyhQR9ua1X8MwGFY
79,https://www.google.com/maps/place/?q=place_id:ChIJE_SEoGZP0xQRHanqLVISQqE
80,https://www.google.com/maps/place/?q=place_id:ChIJO45Vs7PHyhQRZ6ZgNfi2F3U
81,https://www.google.com/maps/place/?q=place_id:ChIJwbKsQwS3yhQRZ4RaykvH3C0
82,https://www.google.com/maps/place/?q=place_id:ChIJa-_SWLLDJRURij-MtzSwAc4
83,https://www.google.com/maps/place/?q=place_id:ChIJ5c8pbsE2dkARAnbJ-MpE4pk
84,https://www.google.com/maps/place/?q=place_id:ChIJHctqzGW2yhQRLqQLt8WWCQ4
85,https://www.google.com/maps/place/?q=place_id:ChIJsXuZW0W2yhQRAFdiKK7xiIQ
86,https://www.google.com/maps/place/?q=place_id:ChIJlSnfCPu3yhQRQs_o6npjHaQ
87,https://www.google.com/maps/place/?q=place_id:ChIJlR51Ef6jyhQRMtbw-MREm4g
88,https://www.google.com/maps/place/?q=place_id:ChIJq6qqqhqkyhQRu7oZCET2vXY
89,https://www.google.com/maps/place/?q=place_id:ChIJKcPsmT3CJRURQbAWiZEgTLE
90,https://www.google.com/maps/place/?q=place_id:ChIJoykUXNkFKxURArIXBCz-4J8
91,https://www.google.com/maps/place/?q=place_id:ChIJC2BjxilftRQRlANbKm9hHoE
92,https://www.google.com/maps/place/?q=place_id:ChIJgektIBSPKBURJxY1oOepS4E
93,https://www.google.com/maps/place/?q=place_id:ChIJ-U3vYVe7yhQRrBypnk9dVu4
94,https://www.google.com/maps/place/?q=place_id:ChIJ75kV8b9ftRQRhG_T5h8fPac
95,https://www.google.com/maps/place/?q=place_id:ChIJm-ETLLOhyhQRJvCg4HA5OHY
96,https://www.google.com/maps/place/?q=place_id:ChIJFxGJFTTCJRURpriBFIK2EX8
97,https://www.google.com/maps/place/?q=place_id:ChIJR8_gXJjWJRUR-GvEM9W4xX0
98,https://www.google.com/maps/place/?q=place_id:ChIJb4xpvjG3yhQRN2uBpBUAI2Y
99,https://www.google.com/maps/place/?q=place_id:ChIJ0y-C9k_DJRURjxhS1wWZzZQ
100,https://www.google.com/maps/place/?q=place_id:ChIJad9KAOzHyhQRMmVTTdVkqyg
101,https://www.google.com/maps/place/?q=place_id:ChIJb9ZheX_HyhQRVY3MG7sw5PM
102,https://www.google.com/maps/place/?q=place_id:ChIJL9edT6y7yhQRG-y5i-4x1bo
103,https://www.google.com/maps/place/?q=place_id:ChIJezv1Tk63yhQRT8O_ycjuJIM
104,https://www.google.com/maps/place/?q=place_id:ChIJ_4g6cju3yhQRRgMQQlsYyKI
105,https://www.google.com/maps/place/?q=place_id:ChIJJcVY0SSjyhQRxzfBxHC_nzY
106,https://www.google.com/maps/place/?q=place_id:ChIJ8xNdrQKPKBURdXkAb-nBL6k
107,https://www.google.com/maps/place/?q=place_id:ChIJzQ7HqvfCJRURVlQY-FW7qyU
108,https://www.google.com/maps/place/?q=place_id:ChIJ_9FIccvDJRURe0jquTGEAgI
109,https://www.google.com/maps/place/?q=place_id:ChIJo9_RPA_HyhQRYBKr1AsNxDo
110,https://www.google.com/maps/place/?q=place_id:ChIJLyUROaTFyhQRVkePWldat_c
111,https://www.google.com/maps/place/?q=place_id:ChIJ-y4Jk4fHyhQRmW8X26GEWY4
112,https://www.google.com/maps/place/?q=place_id:ChIJX8HUm8jHyhQRHZgOReNx680
113,https://www.google.com/maps/place/?q=place_id:ChIJVy2AyrXLyhQReFqMl28fG98
114,https://www.google.com/maps/place/?q=place_id:ChIJt-SAMWxZLxURxL3Nt1s8DtU
115,https://www.google.com/maps/place/?q=place_id:ChIJT-W3LMrDJRURCAC87rynqrE
116,https://www.google.com/maps/place/?q=place_id:ChIJE99rXaG7yhQRMwGZFkJCBic
117,https://www.google.com/maps/place/?q=place_id:ChIJd8BMNMJeLxURL1cK4og17U8
118,https://www.google.com/maps/place/?q=place_id:ChIJldbXMv5O0xQR5dwi4YNUmp4
119,https://www.google.com/maps/place/?q=place_id:ChIJtYAN6J27yhQRcZL_VESXVJE
120,https://www.google.com/maps/place/?q=place_id:ChIJDbHR4W3DJRUR9bKdrkfZsqc
121,https://www.google.com/maps/place/?q=place_id:ChIJT71V5CHFyhQRPb1yx-oCSmc
122,https://www.google.com/maps/place/?q=place_id:ChIJ78DpEamlyhQReRgCxMlj8es
123,https://www.google.com/maps/place/?q=place_id:ChIJCdl0TPfDJRURyNUHdzBC5a4
124,https://www.google.com/maps/place/?q=place_id:ChIJV0-G1-LDJRURbq0MHznpYIQ
125,https://www.google.com/maps/place/?q=place_id:ChIJ_QV_3-W9yhQRN82pyIUfTcY
126,https://www.google.com/maps/place/?q=place_id:ChIJezBHqEW3yhQR2LSu3qIslD4
127,https://www.google.com/maps/place/?q=place_id:ChIJew1lycG1yhQRJvvD0K2my30
128,https://www.google.com/maps/place/?q=place_id:ChIJNYkFP4m3yhQRM0Dpmky37Is
129,https://www.google.com/maps/place/?q=place_id:ChIJo2-qcyO6yhQR3dL05Gs5fwU
130,https://www.google.com/maps/place/?q=place_id:ChIJS1G1MTJZLxURkuFqqqMAPDo
131,https://www.google.com/maps/place/?q=place_id:ChIJY-Q5KmO3yhQRn-czFAfS3zs
132,https://www.google.com/maps/place/?q=place_id:ChIJi11wxhbEyhQRh3WuDo3J1wc
133,https://www.google.com/maps/place/?q=place_id:ChIJcYW5c7i1yhQRsiV-3yKpGGM
134,https://www.google.com/maps/place/?q=place_id:ChIJ8xNdrQKPKBURdXkAb-nBL6k
135,https://www.google.com/maps/place/?q=place_id:ChIJZS9PeDTdLRURwcldgMf-uEU
136,https://www.google.com/maps/place/?q=place_id:ChIJSXH4eRTEyhQRzbdIhsiem1U
137,https://www.google.com/maps/place/?q=place_id:ChIJ75kV8b9ftRQRhG_T5h8fPac
138,https://www.google.com/maps/place/?q=place_id:ChIJjwcSRzPCJRURuDGTYz8Ggio
139,https://www.google.com/maps/place/?q=place_id:ChIJ82FHHf-2yhQR4V8nLxNF0TU
140,https://www.google.com/maps/place/?q=place_id:ChIJd1nommi2yhQR-7JlAqL6gpY
141,https://www.google.com/maps/place/?q=place_id:ChIJVVWRsc2gyhQRaRgfaO4Igrs
142,https://www.google.com/maps/place/?q=place_id:ChIJcZPbDi60yhQRip_nhgPPTgc
143,https://www.google.com/maps/place/?q=place_id:ChIJw7Q3n5vHyhQRMlyrSb0txnQ
144,https://www.google.com/maps/place/?q=place_id:ChIJoykUXNkFKxURArIXBCz-4J8
145,https://www.google.com/maps/place/?q=place_id:ChIJ7eoRTTm3yhQRDXqxtsc1mrc
146,https://www.google.com/maps/place/?q=place_id:ChIJca53rKmkyhQR_MFtVZjy9tE
147,https://www.google.com/maps/place/?q=place_id:ChIJkeBxEXW3yhQRSEb0SvfVUf0
148,https://www.google.com/maps/place/?q=place_id:ChIJ-Y0mOxW3yhQRskBYZ8Hmg_A
149,https://www.google.com/maps/place/?q=place_id:ChIJ02Nvxzq3yhQRQssHTy39dU8
150,https://www.google.com/maps/place/?q=place_id:ChIJdaR0uDiPKBURMZso8ZXwu6Q
151,https://www.google.com/maps/place/?q=place_id:ChIJwW68y-S3yhQRRPzUZxeY_p4
152,https://www.google.com/maps/place/?q=place_id:ChIJuehc00jJyhQR6ZA7woDf5Z8
153,https://www.google.com/maps/place/?q=place_id:ChIJe-OJh7TDJRURGL7fq56Y-Ng
154,https://www.google.com/maps/place/?q=place_id:ChIJeeUPkom3yhQR2bH9lMknAI4
155,https://www.google.com/maps/place/?q=place_id:ChIJjfpurWi4yhQRVS29hKdheW4
156,https://www.google.com/maps/place/?q=place_id:ChIJQWoB1PbDJRURd-iIEoYCTeA
157,https://www.google.com/maps/place/?q=place_id:ChIJqWPd4na3yhQRiLHfgPOgW_4
158,https://www.google.com/maps/place/?q=place_id:ChIJt20mySBBtRQRTQuBrW7KzOc
159,https://www.google.com/maps/place/?q=place_id:ChIJa-_SWLLDJRURij-MtzSwAc4
160,https://www.google.com/maps/place/?q=place_id:ChIJRfj5LWa2yhQRk2-_LQhx-w8
161,https://www.google.com/maps/place/?q=place_id:ChIJ3QX6wkG2yhQR24-8dtcbzNo
162,https://www.google.com/maps/place/?q=place_id:ChIJ-U3vYVe7yhQRrBypnk9dVu4
163,https://www.google.com/maps/place/?q=place_id:ChIJ-U3vYVe7yhQRrBypnk9dVu4
164,https://www.google.com/maps/place/?q=place_id:ChIJ-U3vYVe7yhQRrBypnk9dVu4
165,https://www.google.com/maps/place/?q=place_id:ChIJeXbQNSnHyhQRfMvHrWcvo8U
166,https://www.google.com/maps/place/?q=place_id:ChIJKxYrexHFyhQR9B3O_knNNVA
167,https://www.google.com/maps/place/?q=place_id:ChIJ_WzxffS3yhQRU44xHS0oX9M
168,https://www.google.com/maps/place/?q=place_id:ChIJlxxEUkS2yhQR_MB9CPb-wBE
169,https://www.google.com/maps/place/?q=place_id:ChIJY_wxrQBZLxURqq8oWyirAtM
170,https://www.google.com/maps/place/?q=place_id:ChIJtyl4H4UVtRQRXAEi5xd69q4
171,https://www.google.com/maps/place/?q=place_id:ChIJ5c8pbsE2dkARAnbJ-MpE4pk
172,https://www.google.com/maps/place/?q=place_id:ChIJOVZJcVC3yhQRYI-XPUVuvm8
173,https://www.google.com/maps/place/?q=place_id:ChIJUX5xYTPCJRURiZ4sA9VRyCE
174,https://www.google.com/maps/place/?q=place_id:ChIJe0BjbgPDJRUR5-zPDpEn9xY
175,https://www.google.com/maps/place/?q=place_id:ChIJBx7hlgbFyhQRhuQP0PDZr5M
176,https://www.google.com/maps/place/?q=place_id:ChIJM4Q4j0DFyhQRRjRh8R6ohU8
177,https://www.google.com/maps/place/?q=place_id:ChIJ40NRQ2PEyhQR05Xx5af9hkQ
178,https://www.google.com/maps/place/?q=place_id:ChIJ37aJDrXJyhQRvhXbIr5gJUw
179,https://www.google.com/maps/place/?q=place_id:ChIJLyTxNpO3yhQRaMbvztF275k
180,https://www.google.com/maps/place/?q=place_id:ChIJKyVXXk22yhQRD3Zbw8QqHXc
181,https://www.google.com/maps/place/?q=place_id:ChIJFcJp-x63yhQREz4vQKh7kU0
182,https://www.google.com/maps/place/?q=place_id:ChIJA4cuo9i3yhQRUmN51hXLqUk
183,https://www.google.com/maps/place/?q=place_id:ChIJA1ESDoPDJRURNNChmmvu6b4
184,https://www.google.com/maps/place/?q=place_id:ChIJAwo9GG63yhQRvkCkSH0vhKI
185,https://www.google.com/maps/place/?q=place_id:ChIJL0jVNRO7yhQRLZljZSvgJbU
186,https://www.google.com/maps/place/?q=place_id:ChIJDbHR4W3DJRUR9bKdrkfZsqc
187,https://www.google.com/maps/place/?q=place_id:ChIJ-8E7Jga3yhQRn65AFIX_OvA
188,https://www.google.com/maps/place/?q=place_id:ChIJw69TqLG3yhQROpdX6ppf9e4
189,https://www.google.com/maps/place/?q=place_id:ChIJJ1U2nVG2yhQRxVlPh5IZueM
190,https://www.google.com/maps/place/?q=place_id:ChIJawReeFXHyhQRNsiIU1B93CI
191,https://www.google.com/maps/place/?q=place_id:ChIJ1arqblmPKBURFieXJdt9REU
192,https://www.google.com/maps/place/?q=place_id:ChIJLf-jfzPCJRUR4k0bpyBeSQc
193,https://www.google.com/maps/place/?q=place_id:ChIJ9V5xpDggKxURxEndyT2psjk
194,https://www.google.com/maps/place/?q=place_id:ChIJDUczdXjDJRURG6F79zZctTw
195,https://www.google.com/maps/place/?q=place_id:ChIJx3y_ZlG2yhQRmin8i8DY31Y
196,https://www.google.com/maps/place/?q=place_id:ChIJk7ku_sC1yhQRGXWirEoNlZE
197,https://www.google.com/maps/place/?q=place_id:ChIJFZQS2Hq3yhQRmT7YB51eYoQ
198,https://www.google.com/maps/place/?q=place_id:ChIJFZQS2Hq3yhQRmT7YB51eYoQ
199,https://www.google.com/maps/place/?q=place_id:ChIJZ-3_due5yhQR6MQTYkn1DLo
200,https://www.google.com/maps/place/?q=place_id:ChIJsUS3jcnDJRURdJKuRUBBZY8
201,https://www.google.com/maps/place/?q=place_id:ChIJL4Q30hy3yhQRwNz9MV7Ix5s
202,https://www.google.com/maps/place/?q=place_id:ChIJsa_ktBe3yhQR7GDrocHOTr0
203,https://www.google.com/maps/place/?q=place_id:ChIJTabz1cTFyhQRbdtl4gnwlrI
204,https://www.google.com/maps/place/?q=place_id:ChIJtewxJ2aPKBURqBvYxLpeRig
205,https://www.google.com/maps/place/?q=place_id:ChIJERg8pyCxyhQRChoBZMzesfM
206,https://www.google.com/maps/place/?q=place_id:ChIJczXUig2PKBUR2UZNDFL3q54
207,https://www.google.com/maps/place/?q=place_id:ChIJpaHqaVO7yhQRRckJpom9vHs
208,https://www.google.com/maps/place/?q=place_id:ChIJYQM2UczdyhQR152d06qI2XQ
209,https://www.google.com/maps/place/?q=place_id:ChIJb6djWTW5yhQRZmmaVO3lF2g
210,https://www.google.com/maps/place/?q=place_id:ChIJK7HEgRtP0xQRHPPX6EiX7zE
211,https://www.google.com/maps/place/?q=place_id:ChIJG1m9AWO3yhQRw9DH_mTI1Ww
212,https://www.google.com/maps/place/?q=place_id:ChIJfbLTt2e4yhQRR3atKDE_ebc
213,https://www.google.com/maps/place/?q=place_id:ChIJdeuXH2m4yhQRIbcVFiJqmKw
214,https://www.google.com/maps/place/?q=place_id:ChIJRZgC6ZG5yhQRralsJLTwnQU
215,https://www.google.com/maps/place/?q=place_id:ChIJ2zSW6gW7yhQRFTFHfe5e95E
216,https://www.google.com/maps/place/?q=place_id:ChIJDUczdXjDJRURG6F79zZctTw
217,https://www.google.com/maps/place/?q=place_id:ChIJXeQjH5qhyhQRFivmeFNnEJA
218,https://www.google.com/maps/place/?q=place_id:ChIJ_c-FwqrDJRURCR2keK72sAE
219,https://www.google.com/maps/place/?q=place_id:ChIJK7HEgRtP0xQRHPPX6EiX7zE
220,https://www.google.com/maps/place/?q=place_id:ChIJq6p6n1G2yhQRlZMP1-VFYxY
221,https://www.google.com/maps/place/?q=place_id:ChIJ4X-TTuK3yhQRr0Vnjh9yIFc
222,https://www.google.com/maps/place/?q=place_id:ChIJc5IK3J-3yhQRTcd3ZAdQ4Xs
223,https://www.google.com/maps/place/?q=place_id:ChIJ8U4C4t5P0xQRBiyHLqOsgZ4
224,https://www.google.com/maps/place/?q=place_id:ChIJL0JAF0W7yhQRyMg1wDpEtQE
225,https://www.google.com/maps/place/?q=place_id:ChIJVSLHOQjzJxURuTYx3LHsrF0
226,https://www.google.com/maps/place/?q=place_id:ChIJ9wwR2Rq3yhQRDC1E86xKlEc
227,https://www.google.com/maps/place/?q=place_id:ChIJb7tqvYLHyhQR0gkmuLNWKvA
228,https://www.google.com/maps/place/?q=place_id:ChIJh5_hBFnDJRURxwpwliUwt-o
229,https://www.google.com/maps/place/?q=place_id:ChIJlceBrmoRKxURehY3dQYvteY
230,https://www.google.com/maps/place/?q=place_id:ChIJy30KQc-3yhQRuBRWLby_orA
231,https://www.google.com/maps/place/?q=place_id:ChIJWeTRs0bDJRURV4joHh1qNhU
232,https://www.google.com/maps/place/?q=place_id:ChIJkYSez7O7yhQR0fCeAB87OdY
233,https://www.google.com/maps/place/?q=place_id:ChIJH22033dftRQRXRB9Gs11ZfA
234,https://www.google.com/maps/place/?q=place_id:ChIJm8XyYs3DJRUR7o_9xZcudfU
235,https://www.google.com/maps/place/?q=place_id:ChIJtf9E3VUTKxURNllvet4qJ7w
236,https://www.google.com/maps/place/?q=place_id:ChIJl6Tm_C3HyhQRMh-I71a0vtQ
237,https://www.google.com/maps/place/?q=place_id:ChIJdwqlZV1P0xQRA0s3YOfueHc
238,https://www.google.com/maps/place/?q=place_id:ChIJ-c64WI2lyhQRJJ_sVFcorrs
239,https://www.google.com/maps/place/?q=place_id:ChIJE35eHkzGyhQR7NTm3K2ZaVY
240,https://www.google.com/maps/place/?q=place_id:ChIJDW5FeRy5yhQRRX4l15h4wjI
241,https://www.google.com/maps/place/?q=place_id:ChIJi6P5jS_HyhQRAQ66oXhhvZo
242,https://www.google.com/maps/place/?q=place_id:ChIJ2ysYxBy3yhQRvNlb0uw50Tc
243,https://www.google.com/maps/place/?q=place_id:ChIJ93JxwqC3yhQRCu5lCiZT-9Y
244,https://www.google.com/maps/place/?q=place_id:ChIJschQxKDzJxURgLb0shZMUsI
245,https://www.google.com/maps/place/?q=place_id:ChIJL4Q30hy3yhQRwNz9MV7Ix5s
246,https://www.google.com/maps/place/?q=place_id:ChIJR4fwtQS3yhQRdW15nv-5rZw
247,https://www.google.com/maps/place/?q=place_id:ChIJFdpWuzi6yhQR5cipjcjNims
248,https://www.google.com/maps/place/?q=place_id:ChIJSx-6mHnEJRUROFMqnMCggrA
249,https://www.google.com/maps/place/?q=place_id:ChIJN0pR37W7yhQR2Lfz9nPC0Y8
250,https://www.google.com/maps/place/?q=place_id:ChIJp0qGz5TGyhQRWgoyi09sIvw
251,https://www.google.com/maps/place/?q=place_id:ChIJ9V_eWOG2yhQRA8i0bmtrYeY
252,https://www.google.com/maps/place/?q=place_id:ChIJEdsmjvhO0xQRGXyqAYKVW2w
253,https://www.google.com/maps/place/?q=place_id:ChIJsZYln2O7yhQRSTL6IHosEHQ
254,https://www.google.com/maps/place/?q=place_id:ChIJlxxEUkS2yhQR_MB9CPb-wBE
255,https://www.google.com/maps/place/?q=place_id:ChIJyS1-gmfrJRURzpwZY8pN0Dg
256,https://www.google.com/maps/place/?q=place_id:ChIJoykUXNkFKxURArIXBCz-4J8
257,https://www.google.com/maps/place/?q=place_id:ChIJD8PkFLmPKBURSzjVLgEYVLk
258,https://www.google.com/maps/place/?q=place_id:ChIJoykUXNkFKxURArIXBCz-4J8
259,https://www.google.com/maps/place/?q=place_id:ChIJqZnrLae3yhQRDAf8LcDow9w
260,https://www.google.com/maps/place/?q=place_id:ChIJRZgC6ZG5yhQRralsJLTwnQU
261,https://www.google.com/maps/place/?q=place_id:ChIJ1XbYIPmPwxQRMPrPXQx2gMo
262,https://www.google.com/maps/place/?q=place_id:ChIJozPjLzJZLxURYik37F8MAFI
263,https://www.google.com/maps/place/?q=place_id:ChIJU1KTymi4yhQR-nx9q96Q5kw
264,https://www.google.com/maps/place/?q=place_id:ChIJEzqsj7HPyhQR8zt8VL0B5_g
265,https://www.google.com/maps/place/?q=place_id:ChIJGYN0e0i7yhQR-D6TBYYQLVA
266,https://www.google.com/maps/place/?q=place_id:ChIJQQuu6FijyhQRVzl3cF1nIBg
267,https://www.google.com/maps/place/?q=place_id:ChIJFV_P2kenyhQRGL0m2JUEVhg
268,https://www.google.com/maps/place/?q=place_id:ChIJFfo-t6ahyhQRJFlTAGwR2Co
269,https://www.google.com/maps/place/?q=place_id:ChIJ9V_eWOG2yhQRA8i0bmtrYeY
270,https://www.google.com/maps/place/?q=place_id:ChIJkXl5VxbDJRUR6G25YHn3gj4
271,https://www.google.com/maps/place/?q=place_id:ChIJ5XoHpCwTKxURsZl8EPloqXU
272,https://www.google.com/maps/place/?q=place_id:ChIJ-y4Jk4fHyhQRmW8X26GEWY4
273,https://www.google.com/maps/place/?q=place_id:ChIJVTdH_Gi2yhQR8F3W6QK6WbE
274,https://www.google.com/maps/place/?q=place_id:ChIJAQAAwBy2yhQR5UxnKvTt1D4
275,https://www.google.com/maps/place/?q=place_id:ChIJU0Y455WPKBUR99wFDOX2Vcg
276,https://www.google.com/maps/place/?q=place_id:ChIJRbRWbQi3yhQR1V5ZUWSdhyw
277,https://www.google.com/maps/place/?q=place_id:ChIJAQCwCXq3yhQRwFF7JEJGzcA
278,https://www.google.com/maps/place/?q=place_id:ChIJk19zgv62yhQRvUGySrmlYQU
279,https://www.google.com/maps/place/?q=place_id:ChIJe7hJD6SF0BQR2wfoCBngSZw
280,https://www.google.com/maps/place/?q=place_id:ChIJ1-mLW1i7yhQRXDZhDzB18yE
281,https://www.google.com/maps/place/?q=place_id:ChIJmRP1bsM_yhQRebbkp9r-rc4
282,https://www.google.com/maps/place/?q=place_id:ChIJEaiNYVC7yhQRSmhneTioAT0
283,https://www.google.com/maps/place/?q=place_id:ChIJCza_49PHyhQRHBP4I88ZVmc
284,https://www.google.com/maps/place/?q=place_id:ChIJDW5FeRy5yhQRRX4l15h4wjI
285,https://www.google.com/maps/place/?q=place_id:ChIJeXsIzDO5yhQRjOykZABKM94
286,https://www.google.com/maps/place/?q=place_id:ChIJ86VkvHO4yhQR6LejUWCeGlc
287,https://www.google.com/maps/place/?q=place_id:ChIJ_QrfLe3HyhQRqhKe8eTC0j4
288,https://www.google.com/maps/place/?q=place_id:ChIJb70qPtbHyhQR8kx2j28U_Sk
289,https://www.google.com/maps/place/?q=place_id:ChIJE35eHkzGyhQR7NTm3K2ZaVY
290,https://www.google.com/maps/place/?q=place_id:ChIJw0hYt2vHyhQReWCPoyul76M
291,https://www.google.com/maps/place/?q=place_id:ChIJw0hYt2vHyhQReWCPoyul76M
292,https://www.google.com/maps/place/?q=place_id:ChIJ4ZTTC3q3yhQRzLp2TwsCCzI
293,https://www.google.com/maps/place/?q=place_id:ChIJHctqzGW2yhQRLqQLt8WWCQ4
294,https://www.google.com/maps/place/?q=place_id:ChIJv24mbdiPKBUR95DSxq8bda8
295,https://www.google.com/maps/place/?q=place_id:ChIJHctqzGW2yhQRLqQLt8WWCQ4
296,https://www.google.com/maps/place/?q=place_id:ChIJfdidqgS3yhQR0WzCGmQMViM
297,https://www.google.com/maps/place/?q=place_id:ChIJ5QVC-fm7yhQRVHmePEoF60s
298,https://www.google.com/maps/place/?q=place_id:ChIJDa4M2Hq3yhQR37R4zzmGJDU
299,https://www.google.com/maps/place/?q=place_id:ChIJ7bENWqpxNBUREbtGWIq47EA
300,https://www.google.com/maps/place/?q=place_id:ChIJu11Lwli3yhQRJT5b02pXFTk
301,https://www.google.com/maps/place/?q=place_id:ChIJr7p0kxq3yhQR3iU_2enTxSo
302,https://www.google.com/maps/place/?q=place_id:ChIJo5uHRiC3yhQRZHmGJyQR4a8
303,https://www.google.com/maps/place/?q=place_id:ChIJG8qZp2LhMRUR4qWacfwvcJM
304,https://www.google.com/maps/place/?q=place_id:ChIJFxGJFTTCJRURpriBFIK2EX8
305,https://www.google.com/maps/place/?q=place_id:ChIJL0I9PRHEyhQRAfDQKZLs5_0
306,https://www.google.com/maps/place/?q=place_id:ChIJb-HNrEPdyhQR_UFfQVV7jLU
307,https://www.google.com/maps/place/?q=place_id:ChIJ___iaW63yhQRj1wEBoS8IxI
308,https://www.google.com/maps/place/?q=place_id:ChIJM38lyqO3yhQR5PYs-d0Gt2g
309,https://www.google.com/maps/place/?q=place_id:ChIJp4QxrKO3yhQR-hC5r07DnFg
310,https://www.google.com/maps/place/?q=place_id:ChIJ3Q8Z50nCJRURQ23nUgcDuQI
311,https://www.google.com/maps/place/?q=place_id:ChIJq_5sCmy7yhQRZB-W2Ijgb0s
312,https://www.google.com/maps/place/?q=place_id:ChIJ4d_NPUO7yhQRvyMJ1wbQbPY
313,https://www.google.com/maps/place/?q=place_id:ChIJA1jyh-67yhQRUbAlLu4tIsQ
314,https://www.google.com/maps/place/?q=place_id:ChIJFcFo5LG3yhQRcy0i14iWOO4
315,https://www.google.com/maps/place/?q=place_id:ChIJJ8HGp0S7yhQRK1b4t7XodgE
316,https://www.google.com/maps/place/?q=place_id:ChIJS_wVCye6yhQR8xrEptOCsmA
317,https://www.google.com/maps/place/?q=place_id:ChIJccqghkW7yhQRcNqUC_hEc14
318,https://www.google.com/maps/place/?q=place_id:ChIJY6fQ9lijyhQRFN1rScJB_x8
319,https://www.google.com/maps/place/?q=place_id:ChIJ39017w6PKBURJZYQAKSW8ME
320,https://www.google.com/maps/place/?q=place_id:ChIJ2yX3ZQi5yhQR_GRGOxYNz8k
321,https://www.google.com/maps/place/?q=place_id:ChIJlceBrmoRKxURehY3dQYvteY
322,https://www.google.com/maps/place/?q=place_id:ChIJ3zTLUsvDJRURFoAw3ElJfIU
323,https://www.google.com/maps/place/?q=place_id:ChIJDa4M2Hq3yhQR37R4zzmGJDU
324,https://www.google.com/maps/place/?q=place_id:ChIJW7Sae2W3yhQR_Kj_0w5tJz0
325,https://www.google.com/maps/place/?q=place_id:ChIJyapoUq_GyhQR5RqNhBDBnsI
326,https://www.google.com/maps/place/?q=place_id:ChIJc5BfDCa7yhQRHqX7ImOuocQ
327,https://www.google.com/maps/place/?q=place_id:ChIJtQJqL3-7yhQRsjOwfli7PjM
328,https://www.google.com/maps/place/?q=place_id:ChIJ9y5o77CPKBUR2ihDq-Qo2oM
329,https://www.google.com/maps/place/?q=place_id:ChIJzwmrzxG3yhQR8dRHuujLQBY
330,https://www.google.com/maps/place/?q=place_id:ChIJBaXYMalH0xQRUWprsLnhnZM
331,https://www.google.com/maps/place/?q=place_id:ChIJ-U3vYVe7yhQRrBypnk9dVu4
332,https://www.google.com/maps/place/?q=place_id:ChIJoTdzfIJP0xQR87uAoNlxxlg
333,https://www.google.com/maps/place/?q=place_id:ChIJ9adNVWmPKBURlqMmF2h29mk
334,https://www.google.com/maps/place/?q=place_id:ChIJOcEqnWS3yhQR4pyUkL331SM
335,https://www.google.com/maps/place/?q=place_id:ChIJvZyU0Va3yhQRXKQ00C41B_M
336,https://www.google.com/maps/place/?q=place_id:ChIJGQTYk2e2yhQRLAGHyF04f8g
337,https://www.google.com/maps/place/?q=place_id:ChIJz9Jg-gm3yhQRoKhfyrZXIlU
338,https://www.google.com/maps/place/?q=place_id:ChIJcZPbDi60yhQRip_nhgPPTgc
339,https://www.google.com/maps/place/?q=place_id:ChIJDa4M2Hq3yhQR37R4zzmGJDU
340,https://www.google.com/maps/place/?q=place_id:ChIJwZd6EkS2yhQRYblMrkv8RdQ
341,https://www.google.com/maps/place/?q=place_id:ChIJS9J8tnqPKBUREcRqblvf3gg
342,https://www.google.com/maps/place/?q=place_id:ChIJmRP1bsM_yhQRebbkp9r-rc4
343,https://www.google.com/maps/place/?q=place_id:ChIJjySck267yhQRa2zEKoeOF-w
344,https://www.google.com/maps/place/?q=place_id:ChIJvWSNbG23yhQRIp9Po6Up0_s
345,https://www.google.com/maps/place/?q=place_id:ChIJUcOANVm7yhQRBDl6uQoq0SQ
346,https://www.google.com/maps/place/?q=place_id:ChIJy0Ph5kCPKBUR1391zvklqBQ
347,https://www.google.com/maps/place/?q=place_id:ChIJlw-yjSbHyhQR0mCQejcgUxw
348,https://www.google.com/maps/place/?q=place_id:ChIJn6s_8PvpJRURwa8GBOp3o0c
349,https://www.google.com/maps/place/?q=place_id:ChIJe96uDCHDJRURFt-jMYBaNqA
350,https://www.google.com/maps/place/?q=place_id:ChIJJShsS2XEyhQRyvmlGS4HNO8
351,https://www.google.com/maps/place/?q=place_id:ChIJXxUIgHWlyhQRQivDW6Xr8Bo
352,https://www.google.com/maps/place/?q=place_id:ChIJIRstzIywyhQRqKiLSjYv16I
353,https://www.google.com/maps/place/?q=place_id:ChIJ9V_eWOG2yhQRA8i0bmtrYeY
354,https://www.google.com/maps/place/?q=place_id:ChIJWZRgI2CTCkARFJfctYxYvI4
355,https://www.google.com/maps/place/?q=place_id:ChIJoykUXNkFKxURArIXBCz-4J8
356,https://www.google.com/maps/place/?q=place_id:ChIJAbbTi3K2yhQRIFLdEqZ6NVk
357,https://www.google.com/maps/place/?q=place_id:ChIJ7a5RZP67yhQRukYgHB922-0
358,https://www.google.com/maps/place/?q=place_id:ChIJ4cQt4CESKxUR-SCHH_7gwE8
359,https://www.google.com/maps/place/?q=place_id:ChIJp8F2E2e3yhQRUfNdpuIlRCM
360,https://www.google.com/maps/place/?q=place_id:ChIJDdIaq1SwyhQRSeT84k1CH_E
361,https://www.google.com/maps/place/?q=place_id:ChIJw51fZIy3yhQRp3SZbHlyPz8
362,https://www.google.com/maps/place/?q=place_id:ChIJ4ZDtK-G2yhQRBzsAMEFPXMQ
363,https://www.google.com/maps/place/?q=place_id:ChIJ7ywQ2mm2yhQR4c6xGDQoc5c
364,https://www.google.com/maps/place/?q=place_id:ChIJDbHR4W3DJRUR9bKdrkfZsqc
365,https://www.google.com/maps/place/?q=place_id:ChIJ2eVBYcG1yhQRoo34YMrtg5A
366,https://www.google.com/maps/place/?q=place_id:ChIJtewxJ2aPKBURqBvYxLpeRig
367,https://www.google.com/maps/place/?q=place_id:ChIJew1lycG1yhQRJvvD0K2my30
368,https://www.google.com/maps/place/?q=place_id:ChIJCRrWOHG3yhQR1UYaMtq1ids
369,https://www.google.com/maps/place/?q=place_id:ChIJvdddQHXzJxURc5ud9tRx3S0
370,https://www.google.com/maps/place/?q=place_id:ChIJAVCy0QO1yhQR6gt2sFNzJIQ
371,https://www.google.com/maps/place/?q=place_id:ChIJb28I4wFP0xQRim_8k3Qlgnw
372,https://www.google.com/maps/place/?q=place_id:ChIJ2XXFO9S7yhQRRcl6c4YXhek
373,https://www.google.com/maps/place/?q=place_id:ChIJp7WCQl6jyhQRfTpPkR2WI8Q
374,https://www.google.com/maps/place/?q=place_id:ChIJd9EPKUW7yhQRl0WVnAiDZbs
375,https://www.google.com/maps/place/?q=place_id:ChIJmQqq1HGPKBUR5iVjkApGRTo
376,https://www.google.com/maps/place/?q=place_id:ChIJaUYF6-G3yhQRe4_i7q2bd2M
377,https://www.google.com/maps/place/?q=place_id:ChIJid7oCaW3yhQRW7vfjgakxpA
378,https://www.google.com/maps/place/?q=place_id:ChIJLZvlyhOPKBURUThJ-8IHejw
379,https://www.google.com/maps/place/?q=place_id:ChIJrQXAe1a2yhQRnQ-ZIWfX7c8
380,https://www.google.com/maps/place/?q=place_id:ChIJPwDUGwO3yhQRiYJcEDOp0P0
381,https://www.google.com/maps/place/?q=place_id:ChIJge20TnrhMRURGD7SfjVWIHE
382,https://www.google.com/maps/place/?q=place_id:ChIJhQmv-Gq3yhQRxJhidGAZHDM
383,https://www.google.com/maps/place/?q=place_id:ChIJIZEIAUW2yhQROcJa3RbkFao
384,https://www.google.com/maps/place/?q=place_id:ChIJe7hJD6SF0BQR2wfoCBngSZw
385,https://www.google.com/maps/place/?q=place_id:ChIJlxxEUkS2yhQR_MB9CPb-wBE
386,https://www.google.com/maps/place/?q=place_id:ChIJR4fwtQS3yhQRdW15nv-5rZw
387,https://www.google.com/maps/place/?q=place_id:ChIJiZXxA8fXJRURhweeHLKEyyI
388,https://www.google.com/maps/place/?q=place_id:ChIJuZP_Q3KvyhQRO9ohaOePbP8
389,https://www.google.com/maps/place/?q=place_id:ChIJFcJp-x63yhQREz4vQKh7kU0
390,https://www.google.com/maps/place/?q=place_id:ChIJYSyZKhW2yhQRpU9msi2W8Ew
391,https://www.google.com/maps/place/?q=place_id:ChIJa8L0YhIhdUAR8h_TbQ0Hq3Q
392,https://www.google.com/maps/place/?q=place_id:ChIJQcw0bma4yhQR5f-k2w6ny7s
393,https://www.google.com/maps/place/?q=place_id:ChIJYSyZKhW2yhQRpU9msi2W8Ew
394,https://www.google.com/maps/place/?q=place_id:ChIJzQ7HqvfCJRURVlQY-FW7qyU
395,https://www.google.com/maps/place/?q=place_id:ChIJyapoUq_GyhQR5RqNhBDBnsI
396,https://www.google.com/maps/place/?q=place_id:ChIJVWmth0rGyhQRM5vwXKLRvak
397,https://www.google.com/maps/place/?q=place_id:ChIJ3RLxr0vGyhQRl6I3Earx-J4
398,https://www.google.com/maps/place/?q=place_id:ChIJI1VVVTnKyhQRXsNOCtQf5ak
399,https://www.google.com/maps/place/?q=place_id:ChIJrzQbidXLyhQRsLYbSKOC80k
400,https://www.google.com/maps/place/?q=place_id:ChIJsbR_I0TFyhQRqAWF5zRQnjM
401,https://www.google.com/maps/place/?q=place_id:ChIJ5-pq6IGPKBURlMgCTJ_o9go
402,https://www.google.com/maps/place/?q=place_id:ChIJzQ7HqvfCJRURVlQY-FW7qyU
403,https://www.google.com/maps/place/?q=place_id:ChIJj8lxL0bFyhQR9UF33P11rnw
404,https://www.google.com/maps/place/?q=place_id:ChIJC7OXLKjGyhQRT8Bg6fmqozY
405,https://www.google.com/maps/place/?q=place_id:ChIJW4eIzZTGyhQRo42HiAjBHFs
406,https://www.google.com/maps/place/?q=place_id:ChIJq-v9h6_GyhQR7RNfF6gBX0U
407,https://www.google.com/maps/place/?q=place_id:ChIJ2f3tYjbPyhQRpO0k59pzhUU
408,https://www.google.com/maps/place/?q=place_id:ChIJj-adYDCPKBUR9CO5wVJh65A
409,https://www.google.com/maps/place/?q=place_id:ChIJAbbTi3K2yhQRIFLdEqZ6NVk
410,https://www.google.com/maps/place/?q=place_id:ChIJ0TYWq_i3yhQRsFQsDJ3znbw
411,https://www.google.com/maps/place/?q=place_id:ChIJfSAq22m2yhQR7K4d41v43_0
412,https://www.google.com/maps/place/?q=place_id:ChIJXwNpE9u3yhQR6javA12XcfI
413,https://www.google.com/maps/place/?q=place_id:ChIJpaRqULu3yhQRbUglFD8QOtE
414,https://www.google.com/maps/place/?q=place_id:ChIJNeaw48i1yhQRzvH2gVJBUAY
415,https://www.google.com/maps/place/?q=place_id:ChIJFZQS2Hq3yhQRmT7YB51eYoQ
416,https://www.google.com/maps/place/?q=place_id:ChIJxWGu9Ma1yhQRLJ9C8yIXWbg
417,https://www.google.com/maps/place/?q=place_id:ChIJDUczdXjDJRURG6F79zZctTw
418,https://www.google.com/maps/place/?q=place_id:ChIJqRVbGWiPKBURXAD9RTOtcBI
419,https://www.google.com/maps/place/?q=place_id:ChIJEQszPEO7yhQRUARCQsDCkJc
420,https://www.google.com/maps/place/?q=place_id:ChIJUSrpX2qPKBURKk0urRz_SrY
421,https://www.google.com/maps/place/?q=place_id:ChIJ5QctEvfDJRURJIFi1nPMiqY
422,https://www.google.com/maps/place/?q=place_id:ChIJ3-78_v3HyhQR3ry0xTXRG8g
423,https://www.google.com/maps/place/?q=place_id:ChIJDbHR4W3DJRUR9bKdrkfZsqc
424,https://www.google.com/maps/place/?q=place_id:ChIJryygp3dO0xQR0q1rp2nE0mg
425,https://www.google.com/maps/place/?q=place_id:ChIJu3vpEoawyhQRxY0-RIxVUro
426,https://www.google.com/maps/place/?q=place_id:ChIJlWMp5g7DJRUR0N4x3puoOsU
427,https://www.google.com/maps/place/?q=place_id:ChIJyTEi8FvDJRURBCm2t7_NRnU
428,https://www.google.com/maps/place/?q=place_id:ChIJv0J94UfFyhQRTx6YcSnqrOM
429,https://www.google.com/maps/place/?q=place_id:ChIJm1ixj1a2yhQRJKtzDschidI
430,https://www.google.com/maps/place/?q=place_id:ChIJKe_nrFa2yhQRLrsXm6VyoHM
431,https://www.google.com/maps/place/?q=place_id:ChIJtwxT0h_GyhQRHCmcNHZG3k4
432,https://www.google.com/maps/place/?q=place_id:ChIJK_NdRpXZuxQR24S4wUzBZSA
433,https://www.google.com/maps/place/?q=place_id:ChIJ3ZsxhOQtJBURE32HDYSwatk
434,https://www.google.com/maps/place/?q=place_id:ChIJ3zTLUsvDJRURFoAw3ElJfIU
435,https://www.google.com/maps/place/?q=place_id:ChIJB0Kh4MzPyhQRx1Aq5oWk6vY
436,https://www.google.com/maps/place/?q=place_id:ChIJL6sRwFfCJRURIux54tNG_ws
437,https://www.google.com/maps/place/?q=place_id:ChIJjXlC_aDDJRURsfz4qP30p3Q
438,https://www.google.com/maps/place/?q=place_id:ChIJ99BnptfFyhQRixOax_J_Ud4
439,https://www.google.com/maps/place/?q=place_id:ChIJtU7WN4rEyhQRpI4pLIqvNWc
440,https://www.google.com/maps/place/?q=place_id:ChIJn57OvTFZLxUROJsNUmDWmRE
441,https://www.google.com/maps/place/?q=place_id:ChIJUSPUoLSgyhQRamGqdKGwsog
442,https://www.google.com/maps/place/?q=place_id:ChIJoVFP9M-7yhQR_gBp__9MOfk
443,https://www.google.com/maps/place/?q=place_id:ChIJhQmv-Gq3yhQRxJhidGAZHDM
444,https://www.google.com/maps/place/?q=place_id:ChIJx9x03rq3yhQRJxiMtmKHnS4
445,https://www.google.com/maps/place/?q=place_id:ChIJ-Y0mOxW3yhQRskBYZ8Hmg_A
446,https://www.google.com/maps/place/?q=place_id:ChIJmd09YHG3yhQRua1eUknlP24
447,https://www.google.com/maps/place/?q=place_id:ChIJoykUXNkFKxURArIXBCz-4J8
448,https://www.google.com/maps/place/?q=place_id:ChIJoykUXNkFKxURArIXBCz-4J8
449,https://www.google.com/maps/place/?q=place_id:ChIJ4ZDtK-G2yhQRBzsAMEFPXMQ
450,https://www.google.com/maps/place/?q=place_id:ChIJdSOf5G-HKBURSTCHDfpAb1Q
451,https://www.google.com/maps/place/?q=place_id:ChIJFf-e2ii3yhQRWjhLR_ehh3M
452,https://www.google.com/maps/place/?q=place_id:ChIJCRrWOHG3yhQR1UYaMtq1ids
453,https://www.google.com/maps/place/?q=place_id:ChIJFZQS2Hq3yhQRmT7YB51eYoQ
454,https://www.google.com/maps/place/?q=place_id:ChIJW-yO1WijyhQRuE6mqjvc8CM
455,https://www.google.com/maps/place/?q=place_id:ChIJax9UAVG7yhQRHXRsx_Gs6QY
456,https://www.google.com/maps/place/?q=place_id:ChIJw51fZIy3yhQRp3SZbHlyPz8
457,https://www.google.com/maps/place/?q=place_id:ChIJwfkBNy-5yhQRzTRxmde7y8w
458,https://www.google.com/maps/place/?q=place_id:ChIJkXl5VxbDJRUR6G25YHn3gj4
459,https://www.google.com/maps/place/?q=place_id:ChIJK7_wI0WPKBUR5XXk4dmFMxg
460,https://www.google.com/maps/place/?q=place_id:ChIJoykUXNkFKxURArIXBCz-4J8
461,https://www.google.com/maps/place/?q=place_id:ChIJhQmv-Gq3yhQRxJhidGAZHDM
462,https://www.google.com/maps/place/?q=place_id:ChIJL6v3GYLQJRUR-YPP21tJkFU
463,https://www.google.com/maps/place/?q=place_id:ChIJ12tHRbjFyhQRZtu1zkrabuU
464,https://www.google.com/maps/place/?q=place_id:ChIJu1TFynrEyhQRzuFOIk7t-sI
465,https://www.google.com/maps/place/?q=place_id:ChIJ3YjNb3W3yhQR91QufA0IbqU
466,https://www.google.com/maps/place/?q=place_id:ChIJNzUpiDq3yhQRLK9yytLJgJg
467,https://www.google.com/maps/place/?q=place_id:ChIJ12tHRbjFyhQRZtu1zkrabuU
468,https://www.google.com/maps/place/?q=place_id:ChIJu1TFynrEyhQRzuFOIk7t-sI
469,https://www.google.com/maps/place/?q=place_id:ChIJzQ7HqvfCJRURVlQY-FW7qyU
470,https://www.google.com/maps/place/?q=place_id:ChIJAQA8OIrEyhQRY6L2NGz2kHM
471,https://www.google.com/maps/place/?q=place_id:ChIJW-yO1WijyhQRuE6mqjvc8CM
472,https://www.google.com/maps/place/?q=place_id:ChIJZV5Yht1ZLxURKPGl-4ovEnY
473,https://www.google.com/maps/place/?q=place_id:ChIJiaiohGFR0xQRsjIBtIfhQDA
474,https://www.google.com/maps/place/?q=place_id:ChIJ6xa3CVi3yhQRrfjlGYYv0bU
475,https://www.google.com/maps/place/?q=place_id:ChIJo6DtoTPCJRUR8H7GfZQqOOE
476,https://www.google.com/maps/place/?q=place_id:ChIJKS9EzPOhyhQROx0LrUHR9o8
477,https://www.google.com/maps/place/?q=place_id:ChIJv-8j93DEyhQRKKgxLiBhhNU
478,https://www.google.com/maps/place/?q=place_id:ChIJgVNqXjfDJRURzX5fl4pJ98U
479,https://www.google.com/maps/place/?q=place_id:ChIJV35Uxmi4yhQRp9zJF_fMx-Y
480,https://www.google.com/maps/place/?q=place_id:ChIJ01nLSZ3HyhQRTeXeKP8NHfU
481,https://www.google.com/maps/place/?q=place_id:ChIJgVNqXjfDJRURzX5fl4pJ98U
482,https://www.google.com/maps/place/?q=place_id:ChIJZ2HcoYmjyhQRLmJ9HeWdh-E
483,https://www.google.com/maps/place/?q=place_id:ChIJB3OqkATDJRURQtnfegCvmo8
484,https://www.google.com/maps/place/?q=place_id:ChIJ3-zJSbfHyhQRbd7We0Ezbho
485,https://www.google.com/maps/place/?q=place_id:ChIJx5FznVG2yhQRCRAPve7hRTI
486,https://www.google.com/maps/place/?q=place_id:ChIJO7kY_w_HJRURUvcjAzIhoBE
487,https://www.google.com/maps/place/?q=place_id:ChIJiZXxA8fXJRURhweeHLKEyyI
488,https://www.google.com/maps/place/?q=place_id:ChIJDco1qla2yhQRI1SP6Q6awlo
489,https://www.google.com/maps/place/?q=place_id:ChIJvZyU0Va3yhQRXKQ00C41B_M
490,https://www.google.com/maps/place/?q=place_id:ChIJAbbTi3K2yhQRIFLdEqZ6NVk
491,https://www.google.com/maps/place/?q=place_id:ChIJMYeSsCG2yhQRwf-YsIRPCBY
492,https://www.google.com/maps/place/?q=place_id:ChIJXQ7NCni3yhQR0XzzcPRV6SI
493,https://www.google.com/maps/place/?q=place_id:ChIJp8F2E2e3yhQRUfNdpuIlRCM
494,https://www.google.com/maps/place/?q=place_id:ChIJRUjp9hO2yhQR3-LOts8cjSI
495,https://www.google.com/maps/place/?q=place_id:ChIJD4kKJRzDJRURR83_R5CG3Qw
496,https://www.google.com/maps/place/?q=place_id:ChIJFZQS2Hq3yhQRmT7YB51eYoQ
497,https://www.google.com/maps/place/?q=place_id:ChIJtewxJ2aPKBURqBvYxLpeRig
498,https://www.google.com/maps/place/?q=place_id:ChIJe7hJD6SF0BQR2wfoCBngSZw
499,https://www.google.com/maps/place/?q=place_id:ChIJEaiNYVC7yhQRSmhneTioAT0
500,https://www.google.com/maps/place/?q=place_id:ChIJk1YW0Vm7yhQRHc_tjxkZB2w
501,https://www.google.com/maps/place/?q=place_id:ChIJbywVjPPJKBUR2u0KiTfy34w
502,https://www.google.com/maps/place/?q=place_id:ChIJUX5xYTPCJRURiZ4sA9VRyCE
503,https://www.google.com/maps/place/?q=place_id:ChIJkyvUqky5yhQRT9L1vBsxeOQ
504,https://www.google.com/maps/place/?q=place_id:ChIJ6aV5LmiPKBURCkF_PAeO7SE
505,https://www.google.com/maps/place/?q=place_id:ChIJb70qPtbHyhQR8kx2j28U_Sk
506,https://www.google.com/maps/place/?q=place_id:ChIJFwaUMCXHyhQRLa756ccXXR4
507,https://www.google.com/maps/place/?q=place_id:ChIJ7W_ZJjO5yhQR-F29RKDwZ0M
508,https://www.google.com/maps/place/?q=place_id:ChIJIQLt1kS5yhQRNz5fgLhqneQ
509,https://www.google.com/maps/place/?q=place_id:ChIJgyrZT2G4yhQR7MoeihuadO8
510,https://www.google.com/maps/place/?q=place_id:ChIJ8bg8dEK5yhQRYgDr6Y6L3E4
511,https://www.google.com/maps/place/?q=place_id:ChIJgVNqXjfDJRURzX5fl4pJ98U
512,https://www.google.com/maps/place/?q=place_id:ChIJhY1xkTjhMRURXsapaldjbUs
513,https://www.google.com/maps/place/?q=place_id:ChIJS9yGzIu3yhQRD2txeG18HBM
514,https://www.google.com/maps/place/?q=place_id:ChIJ9YKfb3mPKBURMVBV87WOLWc
515,https://www.google.com/maps/place/?q=place_id:ChIJMwRUCM-3yhQRKBBARRX4tS0
516,https://www.google.com/maps/place/?q=place_id:ChIJ-YNgIXDCJRURasBx5sPtFBQ
517,https://www.google.com/maps/place/?q=place_id:ChIJ47XgcFK3yhQRbCHQlJZ0wBY
518,https://www.google.com/maps/place/?q=place_id:ChIJ17qua2u3yhQRGEO_kuSc-IE
519,https://www.google.com/maps/place/?q=place_id:ChIJvWSNbG23yhQRIp9Po6Up0_s
520,https://www.google.com/maps/place/?q=place_id:ChIJh2u7Hky3yhQRgscszKYbA9o
521,https://www.google.com/maps/place/?q=place_id:ChIJa5TTLk_DJRUR72rzendNBiw
522,https://www.google.com/maps/place/?q=place_id:ChIJYSyZKhW2yhQRpU9msi2W8Ew
523,https://www.google.com/maps/place/?q=place_id:ChIJ1Sgrig-vyhQRAyr5Oi4rTlA
524,https://www.google.com/maps/place/?q=place_id:ChIJ7_60mS_zJxUR9wwOPnokA1Y
525,https://www.google.com/maps/place/?q=place_id:ChIJ3zKDpczDJRUR_5djvuGWe-E
526,https://www.google.com/maps/place/?q=place_id:ChIJbyj_9JjWJRURZoyQTuEGA7U
527,https://www.google.com/maps/place/?q=place_id:ChIJ_c-FwqrDJRURCR2keK72sAE
528,https://www.google.com/maps/place/?q=place_id:ChIJuXpvO1KlyhQRbGTHhDA0KXg
529,https://www.google.com/maps/place/?q=place_id:ChIJB6g5kj25yhQREZleVPsQC2U
530,https://www.google.com/maps/place/?q=place_id:ChIJgZgHwpulyhQRugUTiXNR35o
531,https://www.google.com/maps/place/?q=place_id:ChIJgVNqXjfDJRURzX5fl4pJ98U
532,https://www.google.com/maps/place/?q=place_id:ChIJf1JzixhhBQcRozCrcLaVj3w
533,https://www.google.com/maps/place/?q=place_id:ChIJF8CBcm23yhQRIsjynt8hW10
534,https://www.google.com/maps/place/?q=place_id:ChIJhxuMt0i2yhQR_HBf0KHqqVk
535,https://www.google.com/maps/place/?q=place_id:ChIJCXRkfrlZLxURuq-nFoMgvEk
536,https://www.google.com/maps/place/?q=place_id:ChIJkVU5NSC2yhQRqbn0V1SFtkY
537,https://www.google.com/maps/place/?q=place_id:ChIJtewxJ2aPKBURqBvYxLpeRig
538,https://www.google.com/maps/place/?q=place_id:ChIJDco1qla2yhQRI1SP6Q6awlo
539,https://www.google.com/maps/place/?q=place_id:ChIJAQAAwBy2yhQR5UxnKvTt1D4
540,https://www.google.com/maps/place/?q=place_id:ChIJLY-9JOPJyhQR7OF_SdLblD4
541,https://www.google.com/maps/place/?q=place_id:ChIJafAjdRe3yhQRs2vwmab5Pbs
542,https://www.google.com/maps/place/?q=place_id:ChIJLaOFRiDCJRURy4H3cwfcOFE
543,https://www.google.com/maps/place/?q=place_id:ChIJhY1xkTjhMRURXsapaldjbUs
544,https://www.google.com/maps/place/?q=place_id:ChIJew1lycG1yhQRJvvD0K2my30
545,https://www.google.com/maps/place/?q=place_id:ChIJFZQS2Hq3yhQRmT7YB51eYoQ
546,https://www.google.com/maps/place/?q=place_id:ChIJM5MvrySQwxQRdvKtJjnsGC8
547,https://www.google.com/maps/place/?q=place_id:ChIJZ730DYq7yhQRmgwn2yKSYZQ
548,https://www.google.com/maps/place/?q=place_id:ChIJn6s_8PvpJRURwa8GBOp3o0c
549,https://www.google.com/maps/place/?q=place_id:ChIJn6s_8PvpJRURwa8GBOp3o0c
550,https://www.google.com/maps/place/?q=place_id:ChIJy5iH-U-7yhQRObMx8hxIvis
551,https://www.google.com/maps/place/?q=place_id:ChIJ7erJcKbDJRURIjpJeJ5IMwY
552,https://www.google.com/maps/place/?q=place_id:ChIJpaRqULu3yhQRbUglFD8QOtE
553,https://www.google.com/maps/place/?q=place_id:ChIJ50_33n_HyhQRBoaj1_wKicU
554,https://www.google.com/maps/place/?q=place_id:ChIJAVXly23hMRURkqaY1k099M8
555,https://www.google.com/maps/place/?q=place_id:ChIJOYuJqRS3yhQRfz5U5xbdQck
556,https://www.google.com/maps/place/?q=place_id:ChIJwyHri2m2yhQR9CBJMmikS70
557,https://www.google.com/maps/place/?q=place_id:ChIJA1ESDoPDJRURNNChmmvu6b4
558,https://www.google.com/maps/place/?q=place_id:ChIJ20VZwBCPKBURZQIfjbjXmaU
559,https://www.google.com/maps/place/?q=place_id:ChIJh16HgSDzJxURPUoGFOWo3Tg
560,https://www.google.com/maps/place/?q=place_id:ChIJDbHR4W3DJRUR9bKdrkfZsqc
561,https://www.google.com/maps/place/?q=place_id:ChIJuw3M9xu3yhQRujcNsG4305M
562,https://www.google.com/maps/place/?q=place_id:ChIJkXl5VxbDJRUR6G25YHn3gj4
563,https://www.google.com/maps/place/?q=place_id:ChIJfdidqgS3yhQR0WzCGmQMViM
564,https://www.google.com/maps/place/?q=place_id:ChIJ8V_f1Vm7yhQRbZtQU_kln38
565,https://www.google.com/maps/place/?q=place_id:ChIJLyTxNpO3yhQRaMbvztF275k
566,https://www.google.com/maps/place/?q=place_id:ChIJgVNqXjfDJRURzX5fl4pJ98U
567,https://www.google.com/maps/place/?q=place_id:ChIJl6Tm_C3HyhQRMh-I71a0vtQ
568,https://www.google.com/maps/place/?q=place_id:ChIJ_Zrx-frHyhQRgNgMHxySUF8
569,https://www.google.com/maps/place/?q=place_id:ChIJEzqsj7HPyhQR8zt8VL0B5_g
570,https://www.google.com/maps/place/?q=place_id:ChIJN2K9qvrGyhQRQAV7Juj0a74
571,https://www.google.com/maps/place/?q=place_id:ChIJR8_gXJjWJRUR-GvEM9W4xX0
572,https://www.google.com/maps/place/?q=place_id:ChIJt66ppp3DyhQRrEVF8Dn3_do
573,https://www.google.com/maps/place/?q=place_id:ChIJa_dmLmXEyhQRlhlE7ZNBkP0
574,https://www.google.com/maps/place/?q=place_id:ChIJf3YqKp7FyhQRBpo0XqlOy8k
575,https://www.google.com/maps/place/?q=place_id:ChIJT0dZJiqPQUoRB55Ys9BpCS0
576,https://www.google.com/maps/place/?q=place_id:ChIJ9b6Zq025yhQRWB_IDIW_bSM
577,https://www.google.com/maps/place/?q=place_id:ChIJ0eewgtGwyhQRV7HFCdJf0xA
578,https://www.google.com/maps/place/?q=place_id:ChIJr0pI6ti3yhQRwRxXczn88Vk
579,https://www.google.com/maps/place/?q=place_id:ChIJvV6rUhi3yhQRlY9gzsGV4hw
580,https://www.google.com/maps/place/?q=place_id:ChIJvQ6jn-K3yhQRFiOPqJYSZaU
581,https://www.google.com/maps/place/?q=place_id:ChIJZ-htYhWlyhQRfwLUk8kwYAQ
582,https://www.google.com/maps/place/?q=place_id:ChIJkZun7Hq3yhQRhmP91Yn24_M
583,https://www.google.com/maps/place/?q=place_id:ChIJ0W6WY0XHyhQRUbanFmW4FDU
584,https://www.google.com/maps/place/?q=place_id:ChIJqU5WFh3HyhQRbMBCG7oeVnw
585,https://www.google.com/maps/place/?q=place_id:ChIJAQAAwBy2yhQR5UxnKvTt1D4
586,https://www.google.com/maps/place/?q=place_id:ChIJ-8E7Jga3yhQRn65AFIX_OvA
587,https://www.google.com/maps/place/?q=place_id:ChIJAbbTi3K2yhQRIFLdEqZ6NVk
588,https://www.google.com/maps/place/?q=place_id:ChIJbcCvrWy2yhQRjQnDu98ySPY
589,https://www.google.com/maps/place/?q=place_id:ChIJGU6ZP5G3yhQRY12GKwvidEE
590,https://www.google.com/maps/place/?q=place_id:ChIJUezDDRTHyhQRoJpH_-zdI0E
591,https://www.google.com/maps/place/?q=place_id:ChIJXU2CeW62yhQRoiGCcI3k0zs
592,https://www.google.com/maps/place/?q=place_id:ChIJZfQLvo23yhQRalT8Pp3O0E8
593,https://www.google.com/maps/place/?q=place_id:ChIJCUC5XA63yhQRDRA5BZVEZcc
594,https://www.google.com/maps/place/?q=place_id:ChIJ734y4QK3yhQRQ6P64MtFWH0
595,https://www.google.com/maps/place/?q=place_id:ChIJ9S3pQ1C2yhQRbcZ2pEajAoc
596,https://www.google.com/maps/place/?q=place_id:ChIJschQxKDzJxURgLb0shZMUsI
597,https://www.google.com/maps/place/?q=place_id:ChIJffI0ShW2yhQRKjuZqyI72xo
598,https://www.google.com/maps/place/?q=place_id:ChIJlSnfCPu3yhQRQs_o6npjHaQ
599,https://www.google.com/maps/place/?q=place_id:ChIJz5q_dTPLyhQRAUrh99fN91A
600,https://www.google.com/maps/place/?q=place_id:ChIJXWXckgvDJRURsXu2qVwbCxQ
601,https://www.google.com/maps/place/?q=place_id:ChIJtewxJ2aPKBURqBvYxLpeRig
602,https://www.google.com/maps/place/?q=place_id:ChIJHeB4fby3yhQRO473JMBU9r4
603,https://www.google.com/maps/place/?q=place_id:ChIJ8xNdrQKPKBURdXkAb-nBL6k
604,https://www.google.com/maps/place/?q=place_id:ChIJ-WxP_Wy3yhQRXNUEhp0u-w8
605,https://www.google.com/maps/place/?q=place_id:ChIJjwcSRzPCJRURShdZasfAH5c
606,https://www.google.com/maps/place/?q=place_id:ChIJjwcSRzPCJRURShdZasfAH5c
607,https://www.google.com/maps/place/?q=place_id:ChIJ-WxP_Wy3yhQRXNUEhp0u-w8
608,https://www.google.com/maps/place/?q=place_id:ChIJm8MGeeq1yhQRD6nLMRAxyHg
609,https://www.google.com/maps/place/?q=place_id:ChIJc7K-6aW8yhQRFSopHyr9A2g
610,https://www.google.com/maps/place/?q=place_id:ChIJ6UcWzfXDJRURtzGsCzYbbYE
611,https://www.google.com/maps/place/?q=place_id:ChIJKbtCTAePKBURPGtzCHft7qg
612,https://www.google.com/maps/place/?q=place_id:ChIJgVNqXjfDJRURzX5fl4pJ98U
613,https://www.google.com/maps/place/?q=place_id:ChIJJbMD3U2jyhQRlGoAriD75TA
614,https://www.google.com/maps/place/?q=place_id:ChIJk33icrajyhQRFjZ-cmpqv4c
615,https://www.google.com/maps/place/?q=place_id:ChIJz6xgYQWjyhQREJ6wCA1lMoA
616,https://www.google.com/maps/place/?q=place_id:ChIJA3Qt4E-7yhQR8PoY8L5O0BQ
617,https://www.google.com/maps/place/?q=place_id:ChIJ_aisLEbDJRUR2uDGhLnbng0
618,https://www.google.com/maps/place/?q=place_id:ChIJx3h3Dg23yhQRDIMoOLmx--U
619,https://www.google.com/maps/place/?q=place_id:ChIJ8ZSTU0W7yhQRytBdKBFTekg
620,https://www.google.com/maps/place/?q=place_id:ChIJ7erJcKbDJRURIjpJeJ5IMwY
621,https://www.google.com/maps/place/?q=place_id:ChIJ15kadchZLxUR3M9bqTr2RLQ
622,https://www.google.com/maps/place/?q=place_id:ChIJUxfufwy5yhQR87xAienHhcU
623,https://www.google.com/maps/place/?q=place_id:ChIJx7suKGa4yhQR9baGpLmasro
624,https://www.google.com/maps/place/?q=place_id:ChIJiZXxA8fXJRURhweeHLKEyyI
625,https://www.google.com/maps/place/?q=place_id:ChIJmYf4TYDHyhQRZbN6g0V077Y
626,https://www.google.com/maps/place/?q=place_id:ChIJZ_9v6F24yhQRuy8H1pxzJe4
627,https://www.google.com/maps/place/?q=place_id:ChIJuTqNSpG3yhQRmwYri7hlodQ
628,https://www.google.com/maps/place/?q=place_id:ChIJh081CBS2yhQRhHsa3l9-iw8
629,https://www.google.com/maps/place/?q=place_id:ChIJS84VKlfzJxURBiv4Nm9H-2E
630,https://www.google.com/maps/place/?q=place_id:ChIJhR7JamG3yhQRNs7RPKv7ws4
631,https://www.google.com/maps/place/?q=place_id:ChIJLf-jfzPCJRUR4k0bpyBeSQc
632,https://www.google.com/maps/place/?q=place_id:ChIJ2x7I24KFKBURzA6Cih31sRE
633,https://www.google.com/maps/place/?q=place_id:ChIJqaDGnAO5yhQR-76CapY5IQs
634,https://www.google.com/maps/place/?q=place_id:ChIJx7suKGa4yhQR9baGpLmasro
635,https://www.google.com/maps/place/?q=place_id:ChIJ3zTLUsvDJRURFoAw3ElJfIU
636,https://www.google.com/maps/place/?q=place_id:ChIJV35Uxmi4yhQRp9zJF_fMx-Y
637,https://www.google.com/maps/place/?q=place_id:ChIJm0PnIRzIyhQRePMCiXd8TCM
638,https://www.google.com/maps/place/?q=place_id:ChIJjZxGhGO3yhQRk1_Wh_x1MgA
639,https://www.google.com/maps/place/?q=place_id:ChIJgVNqXjfDJRURzX5fl4pJ98U
640,https://www.google.com/maps/place/?q=place_id:ChIJL9edT6y7yhQRG-y5i-4x1bo
641,https://www.google.com/maps/place/?q=place_id:ChIJDUczdXjDJRURG6F79zZctTw
642,https://www.google.com/maps/place/?q=place_id:ChIJYS1aMB23yhQRoQPKYttgozo
643,https://www.google.com/maps/place/?q=place_id:ChIJN9BIbmyPKBURy-yIHXCVaYk
644,https://www.google.com/maps/place/?q=place_id:ChIJAQAAwBy2yhQR5UxnKvTt1D4
645,https://www.google.com/maps/place/?q=place_id:ChIJ6STMQR23yhQRUBSwE7sb57c
646,https://www.google.com/maps/place/?q=place_id:ChIJBf9ayx_HyhQRto6axaL_154
647,https://www.google.com/maps/place/?q=place_id:ChIJ9baVgqDIyhQRGKUIdGfJZQE
648,https://www.google.com/maps/place/?q=place_id:ChIJtwxT0h_GyhQRHCmcNHZG3k4
649,https://www.google.com/maps/place/?q=place_id:ChIJ4RMtlczDJRURUjrXfuCJJzg
650,https://www.google.com/maps/place/?q=place_id:ChIJneQ4Qb_JyhQR3wGNP0vZitM
651,https://www.google.com/maps/place/?q=place_id:ChIJozFWn2jLyhQRHWGeskHDlOs
652,https://www.google.com/maps/place/?q=place_id:ChIJF8CBcm23yhQRIsjynt8hW10
653,https://www.google.com/maps/place/?q=place_id:ChIJJb3mfShjLxURLH-3zK1143o
654,https://www.google.com/maps/place/?q=place_id:ChIJbSkZw_nbJRUR71HxlUgdZyU
655,https://www.google.com/maps/place/?q=place_id:ChIJdXW46yHEyhQRG3wU9FVERzc
656,https://www.google.com/maps/place/?q=place_id:ChIJV5RotZ_GyhQR5B4UkmB3vZc
657,https://www.google.com/maps/place/?q=place_id:ChIJEZI13prFyhQRzmB2JZhidl0
658,https://www.google.com/maps/place/?q=place_id:ChIJIyFlnMrFyhQREWqIi6zAVwA
659,https://www.google.com/maps/place/?q=place_id:ChIJbSkZw_nbJRUR71HxlUgdZyU
660,https://www.google.com/maps/place/?q=place_id:ChIJa3817rbJyhQRDFKf5SUmF38
661,https://www.google.com/maps/place/?q=place_id:ChIJ2eVBYcG1yhQRoo34YMrtg5A
662,https://www.google.com/maps/place/?q=place_id:ChIJ2-hsjom3yhQRuosYLTTY9hU
663,https://www.google.com/maps/place/?q=place_id:ChIJn3yBOBu3yhQRIm5n7eXTDb4
664,https://www.google.com/maps/place/?q=place_id:ChIJdeXQo1i3yhQRcHF3IXIP8wA
665,https://www.google.com/maps/place/?q=place_id:ChIJLwdkN2-PKBURDYxlqNNiyFE
666,https://www.google.com/maps/place/?q=place_id:ChIJm0KUU97DJRURJa0CDsaGZCk
667,https://www.google.com/maps/place/?q=place_id:ChIJxUHPA_9O0xQR2E8Sc4D5fdE
668,https://www.google.com/maps/place/?q=place_id:ChIJX6Qjuim6yhQR1Q1LrhgLnhU
669,https://www.google.com/maps/place/?q=place_id:ChIJkZun7Hq3yhQRhmP91Yn24_M
670,https://www.google.com/maps/place/?q=place_id:ChIJDbHR4W3DJRUR9bKdrkfZsqc
671,https://www.google.com/maps/place/?q=place_id:ChIJVVVVaeC5yhQR_UOrIPn76Cw
672,https://www.google.com/maps/place/?q=place_id:ChIJgVNqXjfDJRURzX5fl4pJ98U
673,https://www.google.com/maps/place/?q=place_id:ChIJVVXFKolF0xQR_YozKRqqhTQ
674,https://www.google.com/maps/place/?q=place_id:ChIJ-Q1ZP9itQ40RNoY2nElOaSQ
675,https://www.google.com/maps/place/?q=place_id:ChIJzQ7HqvfCJRURVlQY-FW7qyU
676,https://www.google.com/maps/place/?q=place_id:ChIJa3817rbJyhQRDFKf5SUmF38
677,https://www.google.com/maps/place/?q=place_id:ChIJybFjUiq3yhQRQ02dlATUKKM
678,https://www.google.com/maps/place/?q=place_id:ChIJbcCvrWy2yhQRjQnDu98ySPY
679,https://www.google.com/maps/place/?q=place_id:ChIJybFjUiq3yhQRQ02dlATUKKM
680,https://www.google.com/maps/place/?q=place_id:ChIJk7ku_sC1yhQRGXWirEoNlZE
681,https://www.google.com/maps/place/?q=place_id:ChIJn6SXbI5ZLxURBUNHJ29Mq1I
682,https://www.google.com/maps/place/?q=place_id:ChIJ56j4p7S1yhQRFJcMR50sbsw
683,https://www.google.com/maps/place/?q=place_id:ChIJcZPbDi60yhQRip_nhgPPTgc
684,https://www.google.com/maps/place/?q=place_id:ChIJGSteOAxftRQRIX3KJWii3BM
685,https://www.google.com/maps/place/?q=place_id:ChIJGWnBJlK7yhQR4DcIunSZJ5A
686,https://www.google.com/maps/place/?q=place_id:ChIJlzDPrmmkyhQRqb5l-K_SxGQ
687,https://www.google.com/maps/place/?q=place_id:ChIJd_ApRHS4yhQRwz2-EGHpWns
688,https://www.google.com/maps/place/?q=place_id:ChIJzQ7HqvfCJRURVlQY-FW7qyU
689,https://www.google.com/maps/place/?q=place_id:ChIJyTEi8FvDJRURBCm2t7_NRnU
690,https://www.google.com/maps/place/?q=place_id:ChIJOxAW5uvJyhQR4Ecf9aM4QBc
691,https://www.google.com/maps/place/?q=place_id:ChIJjZxGhGO3yhQRk1_Wh_x1MgA
692,https://www.google.com/maps/place/?q=place_id:ChIJC4-xwn9F0xQR5YCsGQwmz_g
693,https://www.google.com/maps/place/?q=place_id:ChIJl0UanY7HyhQRGri3BrpVlhA
694,https://www.google.com/maps/place/?q=place_id:ChIJ49LTTafDJRUR40xqMjGc_DU
695,https://www.google.com/maps/place/?q=place_id:ChIJWaabtEKPKBURE5KcQpsc8mw
696,https://www.google.com/maps/place/?q=place_id:ChIJHXDITwq3yhQRFAdYsMlLkoo
697,https://www.google.com/maps/place/?q=place_id:ChIJnY6sW1S3yhQR0Hx6sXBhk8Y
698,https://www.google.com/maps/place/?q=place_id:ChIJ_ywvXWi3yhQRkk64jI_b50o
699,https://www.google.com/maps/place/?q=place_id:ChIJAQBwLJlP0xQReiApvnubQf4
700,https://www.google.com/maps/place/?q=place_id:ChIJo9arpOa2yhQRLrv9fvJN-d8
